YEAR,RATE
2023,15.38338795
2024,16.602102
2025,17.8273
2026,19.03938
2027,20.25769
2028,21.4766
2029,22.69487
2030,23.913628
