YEAR,RATE
2016,8.125
2017,3.691667
2018,7.908333
2019,11.425
2020,12.47
2021,12.80833
2022,13.9
